<?xml version="1.0" encoding="UTF-8"?>
<project-private xmlns="http://www.netbeans.org/ns/project-private/1">
    <editor-bookmarks xmlns="http://www.netbeans.org/ns/editor-bookmarks/2" lastBookmarkId="0"/>
    <open-files xmlns="http://www.netbeans.org/ns/projectui-open-files/2">
        <group>
            <file>file:/C:/Users/0030482411016/Downloads/prjExemploDaoOracle/src/fatec/poo/view/GuiDepartamento.java</file>
            <file>file:/C:/Users/0030482411016/Downloads/prjExemploDaoOracle/src/fatec/poo/view/GuiProjeto.java</file>
            <file>file:/C:/Users/0030482411016/Downloads/prjExemploDaoOracle/src/fatec/poo/control/DaoDepartamento.java</file>
            <file>file:/C:/Users/0030482411016/Downloads/prjExemploDaoOracle/src/fatec/poo/view/GuiMenu.java</file>
        </group>
    </open-files>
</project-private>
